,id,titre,descriptif,intervenant,langue,duree_conf,duree_total,theme,mobilite,type
0,0,De l‚ÄôESAT √† l‚Äôemploi : trajectoires et partages d‚Äôexp√©riences.,"De plus en plus de personnes en situation de handicap souhaitent √©voluer vers le monde du travail classique. Si l'int√©gration n'est pas toujours facile, des ponts ont √©t√© construits entre le monde des √©tablissements d'aide par le travail et les entreprises. Tour d'horizon des solutions existantes.",Caroline Marion,francais,1h,2h30,Egalit√© des sexes,Grand Est,presentiel
1,1,Comment engager son Comex dans une strat√©gie inclusive ?,"Comment mobiliser les membres du Comex pour promouvoir l'inclusion, favoriser la repr√©sentativit√© et cr√©er un environnement de travail o√π chacun se sent valoris√© et soutenu ?",Camille Bedel,francais,1h,2h30,Egalit√© des sexes,France,distance
2,2,Comment l‚ÄôIA peut vous aider √† renouveler votre communication inclusive ?,L'IA donne l'occasion de renouveler votre strat√©gie de communication et la rendre plus inclusive et adapt√©e √† un public diversifi√©. Amplifier l'impact de votre message et l'engagement...,Maxime Boutevillain,francais,1h,2h30,Egalit√© des sexes,France,distance
3,3,Comment manager la diversit√© socioculturelle et r√©duire le sentiment d'exclusion ?,"La diversit√© socioculturelle au sein des organisations offre une richesse ind√©niable, mais elle peut √©galement pr√©senter des d√©fis en mati√®re de gestion. 
Quelles approches peuvent √™tre explor√©es afin de favoriser l'inclusion et de minimiser le sentiment d'exclusion au sein des √©quipes ?",Cedric Laroyenne,francais,1h,2h30,Orientations sexuelles,France,distance
4,4,"Le parcours ""Relations Fournisseurs et Achats Responsables"" comme outil de la transformation durable et de comp√©titivit√©.",L‚Äôatelier d√©finit comment valoriser la contribution positive de la Direction des achats au travers de la candidature et l‚Äôobtention du label ¬´ Relations Fournisseurs et Achats Responsables.,Roland Donzelle,francais,1h,2h30,Diversit√© des ages,France,distance
5,5,Le parcours d‚Äôune personne sourde: la success-story de M√©lanie.,"De ses d√©buts sur YouTube √† son poste de charg√©e de communication chez Elioz, d√©couvrez le parcours de M√©lanie, sourde de naissance.",Sami Chikhi,francais,1h,2h30,Egalit√© des sexes,Grand Est,presentiel
6,6,Quel r√¥le des √©lus dans le cadre de la fin des accords handicap agr√©√©s ?,"Les √©lus jouent un r√¥le crucial dans la transition post-accords handicap agr√©√©s, explorant leur capacit√© √† promouvoir des politiques inclusives et des pratiques adaptatives. Comment d√©velopper des strat√©gies et politiques efficaces pour garantir l'√©galit√© des chances et l'int√©gration des personnes handicap√©es dans l‚Äôentreprise ?",Matthieu Annereau,francais,1h,2h30,Handicap,Occitanie,presentiel
7,7,Briser le tabou de la maladie au travail.,"Faut-il encourager une culture organisationnelle o√π la sant√© et le bien-√™tre des employ√©s sont des sujets abord√©s ouvertement et sans r√©serve ? Comment cr√©er un environnement propice √† la confiance, √† la r√©silience et √† la productivit√©, renfor√ßant ainsi le tissu social et professionnel de l'organisation ?",Arthur Sadoun,francais,1h,2h30,Orientations sexuelles,√éle-de-France,presentiel
8,8,Surdit√© et accessibilit√© : comment communiquer en toute fluidit√© ?,"Surdit√© et communication : un r√™ve hier, une r√©alit√© aujourd‚Äôhui ! Et demain ?
Comme tout un chacun, les personnes sourdes ou malentendantes peuvent t√©l√©phoner, participer √† des r√©unions & visio-conf√©rences, contacter un service client, questionner une mairie, comprendre pleinement pendant une consultation m√©dicale‚Ä¶ Comment ? Gr√¢ce √† Acceo-Tadeo et ses solutions de communications innovantes. Venez les d√©couvrir !
Acceo √©quipe + de 50 000 √©tablissements et Tadeo accompagne + de 400 employeurs publics et priv√©s. 
www.acceo-tadeo.fr",Julien Allart,francais,1h,2h30,Egalit√© des sexes,Bourgogne-Franche-Comt√©,presentiel
9,9,70% des personnes d√©ficientes visuelles sont sans emploi ? - Les solutions pour am√©liorer leur inclusion professionnelle.,"En plus de d√©battre et de faire conna√Ætre les solutions pour plus d‚Äôinclusion, d'efficacit√© et d'accessibilit√©, les sensibilisations avec le simulateur de malvoyance en r√©alit√© augment√©e font comprendre et vivre les d√©fis auxquels sont confront√©es les personnes malvoyantes et non-voyantes ainsi que leurs besoins sp√©cifiques. Le tout pour faire vivre une sensibilisation immersive et ludique.",Olivier Dellabe,francais,1h,2h30,Diversit√© des ages,France,distance
10,10,Quelles sont les attentes des salari√©s en mati√®re de Diversit√© et Inclusion en entreprise ?,"Pr√©sentation des r√©sultats de l‚Äôenqu√™te BVA People Consulting - AFL Diversity (mars 2024)
A l‚Äôheure o√π les directions RH s‚Äôemparent du sujet Diversit√© et Inclusion, quelles sont r√©ellement les attentes des salari√©s en 2024 ? La raison d‚Äô√™tre de ces strat√©gies est-elle claire et comprise par les collaborateurs ? Pensent-ils encore qu‚Äôil s‚Äôagit principalement d'un axe de communication qui peine √† s‚Äôincarner au quotidien ? Toutes les diversit√©s sont-elles adress√©es au m√™me niveau ? Qu‚Äôattendent concr√®tement les nouvelles g√©n√©rations de leur entreprise en 2024 ? Comment l‚Äôentreprise peut-elle agir concr√®tement sur ces enjeux en 2024 ?

L‚Äô√©tude men√©e par BVA People Consulting et AFL Diversity en Mars 2024 aupr√®s des salari√©s en France a pour objectif de r√©pondre √† ces questions afin d‚Äôaider les entreprises √† agir pour plus de diversit√© et d‚Äôinclusion dans les organisations.",Fabien Figula Letort,francais,1h,2h30,Egalit√© des sexes,Bretagne,presentiel
11,11,Start-up et grand groupe : quelles solutions pour favoriser l‚Äô√©galit√© des chances ?,"BNPP : solutions pour l‚Äô√©galit√© des chances orient√© jeunes adultes (offres bancaires, stages de 3√®me, projet banlieues)
OrthographiQ : outil pour gommer les in√©galit√©s et favoriser l‚Äô√©galit√© des chances, notamment dans le milieu de l‚Äôentreprise
Colette : Permettre aux jeunes adultes de trouver un logement √† bas prix et donc de poursuivre leurs √©tudes, lien interg√©n√©rationnel",Honor√© Bayzelon,francais,1h,2h30,Origines ethniques et culturelles,Occitanie,presentiel
12,12,Comment d√©passer les barri√®res invisibles ?,"Pour nombre d‚Äôentreprises, encourager la d√©claration d‚Äôun handicap invisible reste un enjeu de taille souvent entrav√© par la peur du jugement et de la stigmatisation. Comment sensibiliser l‚Äôentreprise et ses collaborateurs √† l‚Äôacceptation de toutes les singularit√©s ?",Tiffany Mazars,francais,1h,2h30,Diversit√© des ages,Hauts-de-France,presentiel
13,13,La neurodivergence : une richesse inexploit√©e pour les entreprises.,"Avoir un cerveau qui fonctionne diff√©remment de la population g√©n√©rale peut √™tre un handicap, et particuli√®rement dans le monde du travail. Les personnes neurodivergentes repr√©sentent environ 20% de la population, et beaucoup ignorent m√™me leurs propres particularit√©s. Qu‚Äôil s‚Äôagisse de troubles de l‚Äôattention, de troubles Dys ou de troubles autistiques, ces diff√©rences sont souvent un frein √† l‚Äôembauche et au maintien dans l‚Äôemploi, malgr√© des comp√©tences av√©r√©es.
Si aujourd‚Äôhui, ces troubles sont de mieux en mieux identifi√©s, la prise en compte des d√©fis qui les accompagnent est encore √† am√©liorer. Le but d‚Äôauticon est de cr√©er un monde plus inclusif en accompagnant et en donnant √† ses clients les clefs pour mieux accueillir et soutenir ces talents qui restent souvent √©loign√©s de l‚Äôemploi.
La neurodivergence est une diff√©rence qui s‚Äôaccompagne de forces : d√©tection de patterns, qualit√©, r√©solution des probl√®mes, pens√©e cr√©ative, entre autres. Les personnes neurodivergentes ont une pens√©e lat√©rale, source d‚Äôinnovation pour les organisations.
Auticon a d√©velopp√© une m√©thodologie et des outils au niveau mondial pour recruter et accompagner les personnes neurodivergentes, gr√¢ce √† son expertise en psychologie du travail, sa pr√©sence dans 15 pays √† travers le monde et la collaboration avec de grands groupes dans divers industries et secteurs.
Auticon vient en soutien de la politique de diversit√© & inclusion de ses clients et partenaires et contribue √† leur reporting et obligations CSRD gr√¢ce √† plusieurs solutions. Tout d‚Äôabord, nous permettons aux clients d‚Äôexp√©rimenter la collaboration avec un consultant sur le spectre de l‚Äôautisme dans les domaines informatique, audit et finance. Ensuite, gr√¢ce aux outils d√©velopp√©s au niveau groupe, nous accompagnons les entreprises et administrations dans l‚Äôaudit de leur maturit√© neuro-inclusive et leur permettons d‚Äôop√©rationnaliser leur strat√©gie de diversit√© et neuro-inclusion. 
Avec plus de 81% de ses forces sur le spectre de l‚Äôautisme, Auticon est la plus grande entreprise √† majorit√© autiste au monde.
Comment faire de la neurodivergence, une forme de handicap invisible, une force dans l‚Äôenvironnement de travail ?",Laura Rousse,francais,1h,2h30,Handicap,Occitanie,presentiel
14,14,Fait religieux en entreprise : entre r√©glementations et management de situation ‚Äì Quels √©quilibres ?,"Le fait religieux en entreprise nourrit de nombreux fantasmes sources parfois de m√©connaissances. Si les r√©glementations et les jurisprudences peuvent √©clairer sur le droit, √©l√©ment essentiel, il faut √©galement apporter une r√©ponse aux √©quipes, g√©rer leurs interrogations, les postures, la dynamique d‚Äô√©quipe avec pour objectif de maintenir la s√©r√©nit√©. Quelles sont les best practices, que dit √©galement v√©ritablement le droit ?",Laurence Bayle,francais,1h,2h30,Egalit√© des sexes,Bourgogne-Franche-Comt√©,presentiel
15,15,3 √©tapes cl√©s pour bien d√©marrer sa d√©marche d‚Äôinclusion.,"Au cours des derni√®res ann√©es, la fonction RH a connu un changement de perspective en ce qui concerne les strat√©gies en mati√®re de diversit√© et d‚Äôinclusion. 
La ¬´ DI ¬ª constitue une solution pertinente pour attirer, engager les employ√©s et pour promouvoir le bien-√™tre au travail. 
L‚Äôensemble des √©tudes men√©es sur l‚Äôimpact des cultures inclusives mettent en exergue que les entreprises qui sont diversifi√©es sont plus performantes et plus innovantes. 
L‚Äôinclusion en entreprise est un √©l√©ment cl√© pour favoriser la diversit√© et cr√©er un environnement de travail √©quitable.
Mettre en place une politique d‚Äôinclusion solide n√©cessite une approche r√©fl√©chie et structur√©e.
Alors, comment proc√©der pour lancer sa d√©marche d‚Äôinclusion ?",Lucie Liborio,francais,1h,2h30,Diversit√© des apparences physiques,Grand Est,presentiel
16,16,Comment le handicap et la diversit√© tirent l'innovation en France ?,"Cette intervention explore la mani√®re dont les th√®mes de la diversit√©, dont le handicap, le soutien aux aidants, et la qualit√© de vie au travail agissent en tant que catalyseurs de cr√©ativit√© au sein des entreprises et d√©veloppent l‚Äôinnovation.
Le d√©fi : engager l'ensemble des entreprises √† aller au-del√† de leurs politiques de contraintes l√©gales pour conduire √† un v√©ritable changement soci√©tal, social et √©cologique le plus vertueux possible.",Thomas Bouquet,francais,1h,2h30,Orientations sexuelles,Nouvelle-Aquitaine,presentiel
17,17,Et si les Jeux Paralympiques refl√©taient vraiment la diversit√© des handicaps?,"D√©couvrez comment les Jeux Paralympiques pourraient v√©ritablement refl√©ter la diversit√© des handicaps en imagineant un futur o√π chaque personne, quel que soit son handicap, trouve sa place dans le monde du sport et au-del√†.",Pascal Andrieux,francais,1h,2h30,Egalit√© des sexes,√éle-de-France,presentiel
18,18,"Handicap invisible chez les employeurs : en parler, c‚Äôest avancer !",Mettre en lumi√®re le handicap invisible en entreprise permet de sensibiliser les collaborateurs sur une r√©alit√© souvent m√©connue. Quelles solutions pour encourager des environnements de travail plus compr√©hensifs et accessibles pour tous ?,Alice Dev√®s,francais,1h,2h30,Egalit√© des sexes,France,distance
19,19,Intelligence artificielle : quel impact sur le sourcing des talents ?,"Comment l'IA permet de refa√ßonner les politiques de recrutement ? Crit√®res d'√©valuation, m√©thodes d'√©valuation...",Maxime Le Bras,francais,1h,2h30,Diversit√© des apparences physiques,France,distance
20,20,"Labels et agr√©ments, comment s‚Äôy rep√©rer ? Quelles certifications choisir ?",Comment comprendre les diff√©rentes certifications disponibles et choisir celles qui correspondent le mieux √† vos objectifs ? Comment r√©pondre aux enjeux de s√©lection afin de renforcer la cr√©dibilit√© et l'impact de vos initiatives ?,Hugues Defoy,francais,1h,2h30,Orientations sexuelles,Bourgogne-Franche-Comt√©,presentiel
21,21,FaCylities Multi Services : l‚Äôalliance de l‚Äôinclusion par l‚Äôautonomie et l‚Äôexcellence des comp√©tences aux services des entreprises.,"FaCylities Multi Services (FMS) est aujourd‚Äôhui la seule EA europ√©enne participant √† l'optimisation de la conception et √† la production industrielle des projets bas carbone et basse consommation √©nerg√©tique.
FaCylities Multi Services est une entreprise adapt√©e et solidaire sp√©cialis√©e notamment dans le Product Life cycle Management (PLM) permettant ainsi √† ses clients une parfaite optimisation de l‚Äôint√©gralit√© de la chaine de gestion du cycle de vie produit tout en contribuant √† une soci√©t√© plus solidaire.",Jean-Baptiste Fresquet,francais,1h,2h30,Egalit√© des sexes,Hauts-de-France,presentiel
22,22,Fonctions supports : quel int√©r√™t d‚Äôexternaliser ?,"Pourquoi faire de l‚Äôoutsourcing sur les fonctions support (BPO et BPS) : 
- Pour permettre √† vos √©quipes de se recentrer sur leurs m√©tiers en d√©l√©guant des missions chronophages
- Pour confier certaines missions pointues √† des sp√©cialistes afin de fiabiliser vos donn√©es r√®glementaires et √™tre en phase avec vos obligations (en RH, Achats, Gestion ou Marketing)
- Pour d√©velopper vos achats responsables et votre politique RSE",Patricia Gros,francais,1h,2h30,Egalit√© des sexes,France,distance
23,23,Comment attirer et recruter davantage de profils singuliers ?,"Lorsqu'on a un handicap invisible, il n'est pas toujours facile d'en parler √† son futur employeur. D√©couvrez comment cr√©er une vitrine de recrutement sur mesure va vous permettre d'attirer les profils singuliers. Notre intervention d√©montrera l'importance de mettre en valeur la marque employeur, notamment en ce qui concerne la mission handicap. Rejoignez-nous pour comprendre comment sur Coline.care, les entreprises peuvent offrir un environnement rassurant aux candidats, en pr√©sentant leurs initiatives √† travers des t√©moignages et des donn√©es concr√®tes.",Jonathan Boudault,francais,1h,2h30,Orientations sexuelles,Occitanie,presentiel
24,24,"D&I et Marque employeur, comment les faire dialoguer ?","Comment int√©grer efficacement les valeurs de D&I dans la strat√©gie de marque employeur pour attirer, engager et retenir les meilleurs talents ?",Virginie Delalande,francais,1h,2h30,Orientations sexuelles,Bretagne,presentiel
25,25,Discrimination √† l'embauche : quels sont les outils disponibles pour faire √©voluer les mentalit√©s ?,"Comment promouvoir une culture d'√©galit√© et d'inclusion sur le lieu de travail ? Quels outils peuvent contribuer √† sensibiliser, √©duquer et encourager des pratiques de recrutement plus justes et √©quitables, transformant ainsi les normes et les attitudes pour un avenir professionnel plus inclusif ?",Sylvain Couthier,francais,1h,2h30,Diversit√© des ages,Bourgogne-Franche-Comt√©,presentiel
26,26,Nouvelles l√©gislations: comment garantir les conditions de travail des salari√©s du secteur prot√©g√© ?,"Garantir les conditions de travail dans le secteur prot√©g√© face aux nouvelles l√©gislations implique l'√©tablissement de normes et de m√©canismes pour assurer des environnements √©quitables et conformes aux droits du travail, prot√©geant ainsi les droits des salari√©s expos√©s.",Eve Chegaray,francais,1h,2h30,Orientations sexuelles,√éle-de-France,presentiel
27,27,Prince of Persia : The Lost Crown : comment Ubisoft a rendu le jeu accessible au plus grand nombre ?,"D√©couvrez comment Prince of Persia: The Lost Crown a √©t√© rendu majoritairement accessible par l'√©quipe de production du jeu √† Ubisoft Montpellier. ‚ÄòGuided Mode‚Äô, ‚ÄòMemory Shards‚Äô, contraste √©lev√© et difficult√© adaptable offrent une exp√©rience inclusive, rendant un type de jeu r√©put√© √©litiste accessible √† un large panel de joueur‚Ä¢euse‚Ä¢s. Plongez dans une aventure repens√©e moderne, o√π chacun‚Ä¢e peut incarner Sargon comme il l'entend.",R√©mi Boutin,francais,1h,2h30,Orientations sexuelles,Bretagne,presentiel
28,28,"L'influence, promoteur de la diversit√© en soci√©t√©.",Chaque voix peut-elle contribuer √† l‚Äô√©mergence d‚Äôune soci√©t√© plus inclusive ?,Antoine Keraudy,francais,1h,2h30,Egalit√© des sexes,Provence-Alpes-C√¥te d'Azur,presentiel
29,29,Inclusion num√©rique : comment adapter l‚Äôaffichage de votre site web √† un public plus large ?,"Plus de 30% des internautes ont des besoins sp√©cifiques de navigation sur le web : daltonisme, dyslexie, geste impr√©cis‚Ä¶ Ces difficult√©s peuvent r√©duire leur acc√®s √† votre entreprise, ses produits et services. D√©couvrez FACIL‚Äôiti, une solution innovante pour personnaliser l‚Äôaffichage de vos sites web et intranet, sans mobiliser vos √©quipes internes.",Monika Pancer,francais,1h,2h30,Egalit√© des sexes,Hauts-de-France,presentiel
30,30,Vos collaborateurs peuvent sauver l‚Äôaccessibilit√© des Jeux.,"Dans 3 mois, la France accueille le monde entier.
Plusieurs millions de personnes en situation de handicap vont devoir se d√©placer dans nos villes loin d‚Äô√™tre accessibles.
Streetco, le Waze des personnes √† mobilit√© r√©duite, organise pour l‚Äôoccasion, une grande comp√©tition solidaire : une sensibilisation globale, par l‚Äôaction pour am√©liorer concr√®tement l‚Äôaccessibilit√© du territoire.
Venez d√©couvrir comment votre entreprise va rendre nos Jeux plus accessibles.",Arthur Alba,francais,1h,2h30,Egalit√© des sexes,France,distance
31,31,"Les entreprises, force acc√©l√©ratrice de r√©insertion.","Soutien, formation‚Ä¶ Comment les entreprises peuvent-elles accompagner le processus de r√©insertion sociale ? Comment passer d‚Äôopportunit√©s ponctuelles √† des initiatives durables ?",Pierre-Yves Loa√´c,francais,1h,2h30,Diversit√© des ages,Provence-Alpes-C√¥te d'Azur,presentiel
32,32,Les Talenteo Awards,"Assistez √† la remise des prix des Talenteo Awards, le rendez-vous prestigieux port√© par le m√©dia Talenteo pour r√©compenser les actions qui changent les regards sur le handicap. Venez d√©couvrir les laur√©ats et leurs projets en faveur de l‚Äôinclusion.",St√©phane Rivi√®re,francais,1h,2h30,Handicap,√éle-de-France,presentiel
33,33,10 exemples de sensibilisation qui font avancer l‚Äôinclusion.,"Handicap, √âgalit√© femmes-hommes Inclusion LGBTQIA+, Sexisme, Diversit√© des √¢ges, Mixit√© des origines : gr√¢ce √† la cr√©ativit√©, la sensibilisation devient plus engageante‚Ä¶ et surtout plus efficace ! Un atelier anim√© par Tell Me The Truffe, l‚Äôagence de communication n¬∞1 sur la diversit√© et l‚Äôinclusion, avec des exemples concrets de dispositifs dans diff√©rents secteurs et types d‚Äôorganisations.",Elie Sic-Sic,francais,1h,2h30,Handicap,Nouvelle-Aquitaine,presentiel
34,34,Comment font les personnes sourdes pour communiquer avec le service client de votre marque ?,"Chez Deafi, la place du conseiller sourd est centrale. D√©couvrez le parcours d‚Äôun conseiller client sourd et apprenez comment, avec Deafi, les clients sourds ont une exp√©rience plus adapt√©e et directe. Ne manquez pas cette opportunit√© de faire √©voluer vos pratiques ! Rendez-vous au stand C25 pour savoir davantage ! üåü 
Accessible en fran√ßais et en langue des signes fran√ßaise.",Hachmi Azzouz,francais,1h,2h30,Egalit√© des sexes,France,distance
35,35,Handicap : comment r√©pondre efficacement aux enjeux de demain ?,Faut-il repenser nos strat√©gies et nos actions pour garantir une inclusion compl√®te et √©quitable des personnes en situation de handicap ?,Fran√ßoise Descamps-Crosnier,francais,1h,2h30,Egalit√© des sexes,France,distance
36,36,R√©f√©rent Accessibilit√© Num√©rique en entreprise : comprendre et int√©grer ce nouveau r√¥le.,"Cette conf√©rence met en lumi√®re l'importance croissante de l'accessibilit√© num√©rique pour les entreprises et introduit le r√¥le essentiel du R√©f√©rent Accessibilit√© Num√©rique. Quelles sont les comp√©tences et les responsabilit√©s sp√©cifiques allou√©es au R√©f√©rent mais aussi les meilleures pratiques pour r√©ussir sa mission au sein de l'entreprise ? A travers des exemples concrets notamment li√©s √† l'exp√©rience du Groupe La Poste, nous verrons comment les entreprises tirent parti de ce nouveau r√¥le et comment le R√©f√©rent devient un pilier de l'organisation digitale.",Mo√Øse Akbaraly,francais,1h,2h30,Egalit√© des sexes,Provence-Alpes-C√¥te d'Azur,presentiel
37,37,Le grand √©cran au service de la repr√©sentation.,"Entretien avec les producteurs du film ""un p'tit truc en plus"" r√©alis√© par Artus, une com√©die touchante sur le handicap.",Pierre Forette,francais,1h,2h30,Egalit√© des sexes,√éle-de-France,presentiel
38,38,Microagressions : quels impacts sur le bien-√™tre et la performance dans les organisations ?,"‚ÄúTu ne fais pas ton √¢ge !‚Äù ‚ÄúT‚Äôes de quelle origine ?‚Äù ‚ÄúTu parles bien fran√ßais dis donc.‚Äù ‚ÄúPourquoi tu ne veux pas d‚Äôenfant ?‚Äù
Que ce soit en tant qu‚Äôauteur¬∑rice, t√©moin ou victime, les microagressions nous concernent tout¬∑e¬∑s ! Ces gestes, comportements ou remarques d‚Äôapparence parfois anodine ont un impact significatif sur la sant√© mentale des salari√©¬∑e¬∑s mais aussi sur l‚Äôadh√©sion √† la culture et au projet de l‚Äôorganisation. 

A travers la premi√®re enqu√™te sur le sujet en France, Goods To Know vous propose un outil qui permettra d‚Äôune part de sensibiliser vos salari√©¬∑e¬∑s √† ce ph√©nom√®ne du quotidien, d‚Äôautre part de mesurer la qualit√© de l‚Äôinclusion dans votre organisation au travers de signaux faibles mais aussi d‚Äô√©tablir un premier benchmark fiable sur le monde du travail en France.",Jawad Bouadjadja,francais,1h,2h30,Diversit√© des ages,France,distance
39,39,Sourdline vous connecte √† vos clients sourds !,"Sourdline, expert de l‚Äôaccessibilit√© t√©l√©phonique et de la relation client √† destination des personnes sourdes et malentendantes, LA solution simple et efficace.
Les sourds et malentendants ont besoin d‚Äôoutils de communication sp√©cifiques et d√©j√† pr√®s de 60 grandes enseignes et collectivit√©s nous font confiance, alors pourquoi pas vous ? 
Venez d√©couvrir en 10 minutes toutes nos solutions !",Caroline Mitanne,francais,1h,2h30,Diversit√© des apparences physiques,Bretagne,presentiel
40,40,L‚ÄôAgefiph avec Paris 2024 : un accompagnement renforc√© au service des jeux.,"Dans un contexte √† forts enjeux, Paris 2024 doit parcourir toutes les √©tapes d‚Äôune entreprise en acc√©l√©r√©. D√©couvrez comment les √©quipes RH travaillent pour rendre ce projet plus fort, plus innovant et plus inclusif.",Alexandre Dion,francais,1h,2h30,Egalit√© des sexes,France,distance
41,41,Salari√©s-aidants : comment valoriser l'exp√©rience et favoriser le transfert de comp√©tences ?,"Gestion de projet, management, relations humaines‚Ä¶ Les salari√©s-aidants disposent de multiples comp√©tences traverses. Comment les reconna√Ætre et les valoriser pour maximiser leur contribution au sein de nos organisations ?",Patricia Ardillier,francais,1h,2h30,Egalit√© des sexes,France,distance
42,42,Comment gagner plus en achetant mieux ?,"Conseil, expertise, d√©veloppement des territoires, recrutement, RSE et bien plus encore... Aujourd‚Äôhui, le recours aux entreprises d‚Äôinsertion vous permet d‚Äôacheter plus qu‚Äôune prestation. Venez le d√©couvrir en exclusivit√© lors de notre atelier gr√¢ce aux retours d‚Äôexp√©riences de deux collaborations vertueuses dans des fili√®res historiques comme la propret√© et sur de nouveaux m√©tiers comme la fili√®re du num√©rique. Vous d√©couvrirez √©galement, en avant-premi√®re le film promotionnel ¬´les entreprises d‚Äôinsertion de la propret√© - fi√®res de bien faire"".",Marc-Antoine Elie,francais,1h,2h30,Diversit√© des ages,Occitanie,presentiel
43,43,Penser ses relations √©coles sous l‚Äôangle du handicap.,"L‚Äôacc√®s √† l‚Äôemploi est un √©l√©ment d√©terminant de l‚Äôinclusion des jeunes en situation de handicap dans le monde √©conomique. Il s‚Äôagit aussi d‚Äôun enjeu majeur pour les employeurs. Nombre d‚Äôentreprises s‚Äôinvestissent dans la recherche de futurs collaborateurs ¬´ √† comp√©tences √©gales ¬ª. Cette recherche reste pour autant encore particuli√®rement complexe. En d√©pit d‚Äôune forte demande, force est de constater que la recherche d‚Äôemploi d‚Äôun jeune reconnu reste deux fois plus longue et se r√©v√®le parfois beaucoup plus compliqu√©e. 
Alors, quelles actions mettre en ≈ìuvre ? 
Outre la probl√©matique de l‚Äôad√©quation entre le profil du candidat et le besoin des employeurs, le manque d‚Äôinformation de chacun, les pr√©jug√©s et les repr√©sentations r√©ciproques, la m√©connaissance des aides, des b√©n√©fices et des acteurs contribuent fortement √† maintenir un √©cart et ne favorise pas la rencontre. 
Les jeunes en situation de handicap craignent de rencontrer des difficult√©s d‚Äôint√©gration lors de leur arriv√©e dans l‚Äôentreprise et h√©sitent encore trop souvent √† faire reconna√Ætre leur situation de handicap. Il est important que les jeunes osent parler de leurs singularit√©s et de leurs besoins mais aussi que les employeurs communiquent largement leur volont√© d‚Äôint√©gration, les process et les politiques mises en ≈ìuvre pour int√©grer qualitativement ces jeunes talents.

Fort de ce constat et anim√©e par la volont√© d‚Äôagir, notre √©quipe d√©ploie aujourd‚Äôhui plusieurs programmes qui permettent aux employeurs de s‚Äôinvestir concr√®tement aux c√¥t√©s des √©tablissements d‚Äôenseignements sup√©rieur et des CFA. Une approche interdisciplinaire soutenue par la conf√©rence des grandes √©coles et qui a vocation √† interagir avec l‚Äôensemble des acteurs de l‚Äô√©cosyst√®me : employeurs, associations et institutions, √©tudiants et √©tablissements.

Un travail pluridisciplinaire qui permet de plus de collaborer autour de th√©matiques plus larges et strat√©giques telles que la mobilit√© internationale des √©tudiants en situation de handicap, projet en collaboration avec la CGE et l‚Äôassociation 100% handinamique.",C√©lia Freixinos,francais,1h,2h30,Egalit√© des sexes,√éle-de-France,presentiel
44,44,Comment les Jeux Olympiques et Paralympiques vont faire de Paris une ville plus inclusive ?,"D√©couvrez comment les Jeux Olympiques et Paralympiques contribueront √† faire de Paris une ville plus inclusive en explorant les initiatives novatrices qui favorisent l'inclusion et l'accessibilit√©, fa√ßonnant ainsi un avenir plus √©quitable pour tous.",Marie-Am√©lie Le Fur,francais,1h,2h30,Diversit√© des ages,Grand Est,presentiel
45,45,Comment mesurer et valoriser l'impact social de vos achats inclusifs ?,Comment √©valuer l'efficacit√© de vos pratiques d'achat en mati√®re d'inclusion sociale ?,Pascal Gahery,francais,1h,2h30,Origines ethniques et culturelles,Bretagne,presentiel
46,46,Num√©rique : quelles solutions pour r√©duire la fracture ?,"Dans un monde de plus en plus num√©ris√©, la fracture sociodigitale peut entra√Æner des in√©galit√©s importantes et conduire √† l'exclusion de certains groupes. Comment assurer un acc√®s √©quitable √† la technologie et ainsi favoriser l'inclusion num√©rique ?",Paul de Marnix,francais,1h,2h30,Egalit√© des sexes,Bretagne,presentiel
47,47,Opportunit√©s professionnelles : existe-t-il une v√©ritable √©galit√© des chances au sein des organisations ?,"Au-del√† des pr√©jug√©s et st√©r√©otypes, comment cr√©er un environnement propice √† des opportunit√©s √©gales, en identifiant les meilleures pratiques et en explorant des approches novatrices ?",Severine Baudouin,francais,1h,2h30,Handicap,France,distance
48,48,St√©r√©otypes de genre des √©tudiant-es des grandes √©coles : quel impact sur leurs attentes et leur ambition professionnelles ?,"Comment reconna√Ætre et d√©construire les pr√©jug√©s des jeunes talents pour encourager une vision plus inclusive et √©galitaire du monde professionnel, favorisant ainsi la pleine r√©alisation du potentiel de chacun ?",Tanguy Bizien,francais,1h,2h30,Orientations sexuelles,France,distance
49,49,"Handicap, √âgalit√© F/H et LGBTQIA+ : Comment la R√©alit√© Virtuelle permet de susciter des √©motions ¬´ dans la peau de ¬ª.",": Dans un contexte o√π la diversit√© et l'inclusion sont au c≈ìur des enjeux, nous explorons les dimensions LGBT, Handicap, et √âgalit√© Femme/Homme pour mettre en lumi√®re le potentiel de la R√©alit√© Virtuelle. Appuy√©s par le t√©moignage d'un client, nous illustrerons comment cette technologie offre une immersion unique, permettant de sensibiliser en suscitant des √©motions authentiques.",Antoine Bernard,francais,1h,2h30,Egalit√© des sexes,Provence-Alpes-C√¥te d'Azur,presentiel
50,50,La force du collectif au service de l‚Äôinnovation inclusive.,"L‚Äôinclusion et l‚Äô√©galit√© professionnelle des personnes en situation de handicap constituent un v√©ritable enjeu de soci√©t√©. Comment r√©veiller les consciences ? Comment agir pour que la diversit√© des √©quipes soit source de performance et d‚Äôinnovation sociale au b√©n√©fice du collectif ? Retours crois√©s entre √©lus, experts et b√©n√©ficiaires pour partager ensemble des pistes d‚Äôactions et des retours d‚Äôexp√©rience.",Benoit Blondet,francais,1h,2h30,Handicap,France,distance
51,51,Quand les entreprises innovent pour la soci√©t√©.,"Mod√®les √©conomiques, pratiques manag√©riales, impact‚Ä¶ D√©couvrez les nouvelles voies explor√©es par les organisations pour r√©pondre aux besoins sociaux et soci√©taux ?",Charlotte Alaux,francais,1h,2h30,Orientations sexuelles,France,distance
52,52,9 √©tapes pour une politique DEI r√©ussie.,"Plein d‚Äôentreprises mettent en place des actions tourn√©es vers la diversit√©, l‚Äô√©quit√© et l‚Äôinclusion (DEI) mais n‚Äôont que peu d‚Äôimpact.
En r√©action, soit elles se d√©couragent, soit elles en font encore plus et s‚Äô√©puisent.
Alors que le probl√®me ne vient pas du nombre d‚Äôactions mais du manque de strat√©gie en amont.
Pour y r√©pondre, cette conf√©rence d√©taille les 9 √©tapes pour une politique DEI r√©ussie.",Laura Driancourt,francais,1h,2h30,Egalit√© des sexes,Provence-Alpes-C√¥te d'Azur,presentiel
53,53,Dyslexie en entreprise : tabou ou atout ?,"Par Marine Balansard et Quentin Bous, co auteurs de ¬´ Les super pouvoirs des dyslexiques en entreprise ¬ª Eyrolles.",Marine Balansard,francais,1h,2h30,Origines ethniques et culturelles,Bretagne,presentiel
54,54,Comment la communication peut-elle rendre notre soci√©t√© plus inclusive?,"Au-del√† de la prise en compte des in√©galit√©s de genre ou de la repr√©sentation du handicap, comment r√©diger et formaliser des actions de communication int√©grant les jeunes, les s√©niors, ou encore √† la diversit√© des origines ethniques, sociales et culturelles ?",Alicia Birr,francais,1h,2h30,Egalit√© des sexes,France,distance
55,55,Accessibilit√© num√©rique : quelle mise en place et qui embarquer pour s‚Äôassurer des cl√©s du succ√®s ?,"Entre conformit√©, standards, mise en place, responsabilit√©s‚Ä¶ la transformation digitale des organisations doit √™tre d√©mystifi√©e pour √™tre une r√©ussite. Qui embarquer, comment l‚Äôorchestrer ? L‚Äôobjectif de cet atelier est de vous donner des √©l√©ments de r√©ponses simples et clairs pour que vous puissiez √™tre l‚Äôacteur de l‚Äôaccessibilit√© num√©rique de votre entreprise.",Jerry Journo,francais,1h,2h30,Egalit√© des sexes,France,distance
56,56,Comment diff√©rencier insertion et r√©insertion ?,Comprendre les subtilit√©s entre insertion et r√©insertion peut poser des d√©fis. Savoir les diff√©rencier favorise un accompagnement plus efficace des individus dans leur parcours social.,Guillaume Herisson,francais,1h,2h30,Egalit√© des sexes,Bretagne,presentiel
57,57,"Genre, origine, √¢ge, handicap... : que disent les testings et les diagnostics statistiques sur le recrutement et la carri√®re ?",Comment analyser et comprendre les d√©fis persistants en mati√®re d'√©galit√© des chances ? Quelles actions mettre en place en suivant les tendances de recrutement et de progression de carri√®re ?,Eve Chegaray,francais,1h,2h30,Egalit√© des sexes,Bretagne,presentiel
58,58,Normes CSRD : contraintes ou opportunit√©s ?,"Comment les normes CSRD peuvent influencer la strat√©gie d'entreprise, la gouvernance et les performances financi√®res, tout en renfor√ßant l'engagement envers la durabilit√© et la responsabilit√© sociale ?",Patricia Ardillier,francais,1h,2h30,Handicap,Hauts-de-France,presentiel
59,59,"Promouvoir l'Egalit√© Professionnelle H-F, un pas pour pr√©venir le harc√®lement ?","""Nos experts vous invitent √† vous interroger sur l‚Äôarticulation entre l'√©galit√© professionnelle et les situations de harc√®lement. Ils vous pr√©senteront une situation v√©cue pour mettre en perspective leurs analyses de la situation en fonction de prismes vari√©s : 
‚Ä¢ Quelles analyses sont tir√©es sur le champ de la Diversit√© et de l'Egalit√© Professionnelle ? Et sur celui de la pr√©vention des RPS et des politiques de SAT ? 
‚Ä¢ Quels enchainements organisationnels et individuels conduisent des in√©galit√©s de traitement au harc√®lement ? 
‚Ä¢ Quelles actions sont possibles pour r√©soudre des situations similaires ? """,St√©phane Roose,francais,1h,2h30,Egalit√© des sexes,France,distance
60,60,Comment favoriser l‚Äôinclusion dans l‚Äôemploi √† l‚Äô√©chelle du territoire ?,"√Ä travers les regards crois√©s de la DRIEETS et de l'entreprise adapt√©e de travail temporaire Kliff par Randstad, cet atelier donnera la parole aux acteurs publics et priv√©s qui font de l'inclusion une r√©alit√© dans les territoires. Il permettra de mieux comprendre les dispositifs mis en ≈ìuvre en mati√®re de handicap en s‚Äôappuyant sur l‚Äôexemple de la Seine-Saint-Denis.",Philippe Bouchard,francais,1h,2h30,Egalit√© des sexes,Bourgogne-Franche-Comt√©,presentiel
61,61,"Embaucher des personnes handicap√©es form√©es, un moyen pour faire face aux tensions RH.","Le taux de ch√¥mage des personnes handicap√©es reste sup√©rieur √† celui de la moyenne. Or, en ces temps de tensions RH, les travailleurs handicap√©s ont souvent un projet professionnel consolid√©. Gr√¢ce aux ESPO (√©tablissements et services de la pr√©-orientation) et aux ESRP (√©tablissements et services de r√©adaptation professionnelle), les travailleurs handicap√©s ont valid√© leur projet professionnel et sont pr√©par√©s et form√© pour acc√©der √† l‚Äôemploi. C‚Äôest le r√¥le de la r√©adaptation professionnelle. Une multitude de formations sont possibles avec des modalit√©s diff√©rentes : dans les ESRP, en formation accompagn√©e. Un partenariat peut donc se nouer entre les employeurs, les ESRP et les travailleurs handicap√©s.",Alexandre Cervera,francais,1h,2h30,Egalit√© des sexes,Provence-Alpes-C√¥te d'Azur,presentiel
62,62,"Equipe inter-g√©n√©rationnelle, comment favoriser les synergies ?","La collaboration interg√©n√©rationnelle peut parfois √™tre d√©licate en raison de diff√©rences de perspectives, de valeurs et de m√©thodes de travail. Comment identifier et valoriser les forces de chaque g√©n√©ration ?",Alice Chanson,francais,1h,2h30,Handicap,France,distance
63,63,LGBTQIA+ : Comment renforcer les progr√®s en cours ?,Comment √©tablir des normes √©quitables et respectueuses des droits humains en garantissant un environnement inclusif et libre de discrimination ?,Loic Dumoulin-Richet,francais,1h,2h30,Egalit√© des sexes,France,distance
64,64,Num√©rique et emploi : pr√©sentation du Diagnostic Handicap Num√©rique.,Pour dynamiser l‚Äôemploi Handicap dans les m√©tiers porteurs du num√©rique et r√©pondre aux enjeux de l‚Äôinclusion sociale de vos achats responsables de prestations informatiques.,Laure Celier,francais,1h,2h30,Diversit√© des apparences physiques,Occitanie,presentiel
65,65,Comment la sc√®ne promeut la diversit√© en soci√©t√© ?,Comment encourager une r√©flexion approfondie sur la mani√®re dont la sc√®ne et l'art favorisent la diversit√© en soci√©t√© et la cr√©ation d'un environnement inclusif et respectueux ?,Tahnee ,francais,1h,2h30,Handicap,Occitanie,presentiel
66,66,De la th√©orie √† la pratique : Les √©tapes cl√©s pour √©laborer une politique handicap efficace en entreprise.,"D√©couvrez les √©tapes essentielles pour mettre en place une politique handicap efficace en entreprise. De la sensibilisation au handicap √† la vie d‚Äôune politique handicap p√©renne, d√©couvrez les √©tapes indispensables pour favoriser l'inclusion et maximiser les retomb√©es sociales et √©conomiques. Une conf√©rence incontournable pour des pratiques RH inclusives et performantes.",Anthony Gentelet,francais,1h,2h30,Diversit√© des ages,Bretagne,presentiel
67,67,Fin des accords handicap agr√©√©s : comment repenser la sant√© au travail ?,"Troubles DYS, TDA, TDAH, endom√©triose, cancers‚Ä¶ Gr√¢ce √† l‚Äôaction des politiques handicap, ces troubles et pathologies sont davantage connus et pris en compte dans l‚Äôenvironnement de travail. La fin des accords agr√©√©s change-t-elle la donne ? L‚Äôentreprise doit-elle faire √©voluer son offre de service et ses accompagnements propos√©s aux collaborateurs ?",Antoine Benoist,francais,1h,2h30,Diversit√© des ages,Bretagne,presentiel
68,68,L‚Äôinclusion moteur de r√©ussite au service de l‚ÄôIT et de nos clients.,"Ouvrir le champ des possibles dans nos entreprises sur des m√©tiers exigeants et techniques tels que l‚ÄôIT gr√¢ce √† la formation et un accompagnement de proximit√©. Des exemples de parcours collaborateurs, de r√©ussites professionnelles au c≈ìur d‚Äôun centre de support informatique.",Elisabeth Biondi,francais,1h,2h30,Egalit√© des sexes,Grand Est,presentiel
69,69,Changer le jeu pour tous.,"Comment concilier sport et inclusion ? L'engagement de sportifs paralympiques inspire l'inclusion et ouvre la voie √† un monde o√π chacun peut participer pleinement, d√©fiant ainsi les limites traditionnelles du sport et de la soci√©t√©.",Hakim Arezki,francais,1h,2h30,Diversit√© des apparences physiques,Bourgogne-Franche-Comt√©,presentiel
70,70,D√©veloppez votre entreprise avec une communication impactante et engag√©e.,"Pourquoi opter pour une entreprise adapt√©e pour vos besoins en communication ? Tout simplement parce que c'est une d√©cision qui va bien au-del√† de la simple externalisation. En choisissant Antilope ou d'autres entreprises adapt√©es, vous choisissez de soutenir une √©conomie inclusive, o√π chaque individu, quelle que soit sa situation, a la possibilit√© de contribuer et de s'√©panouir professionnellement. Nos √©quipes sont compos√©es de personnes talentueuses en situation de handicap, qui apportent une valeur ajout√©e √† chaque projet gr√¢ce √† leurs comp√©tences et leur d√©termination.
Engager son entreprise en utilisant des services inclusifs, c'est faire le choix de la diversit√© et de l'√©galit√© des chances. C'est affirmer vos valeurs en action, en offrant des opportunit√©s r√©elles √† ceux qui sont souvent marginalis√©s sur le march√© du travail. En collaborant avec une entreprise adapt√©e, vous d√©montrez votre engagement envers une soci√©t√© plus juste et solidaire, tout en b√©n√©ficiant de services de qualit√© et comp√©titifs.
La RSE ne se limite pas √† des actions ponctuelles, mais elle impr√®gne la culture m√™me de l'entreprise. En impliquant vos collaborateurs dans des projets inclusifs, vous favorisez un sentiment d'appartenance et de fiert√© au sein de votre √©quipe. La participation √† des initiatives sociales renforce la coh√©sion et la motivation des employ√©s, tout en renfor√ßant l'image de votre entreprise en tant qu'acteur engag√© et responsable.
En conclusion, choisir notre entreprise adapt√©e pour votre communication, s'engager dans des actions inclusives et int√©grer la RSE dans votre culture d'entreprise sont des √©tapes cruciales vers la construction d'un monde professionnel plus juste et √©panouissant pour tous. Ensemble, faisons de l'inclusion une r√©alit√© quotidienne.",Pauline Bechet,francais,1h,2h30,Orientations sexuelles,Occitanie,presentiel
71,71,La diversit√© religieuse au travail : r√©alit√© et bonnes pratiques,"Conna√Ætre et comprendre la r√©alit√© de la diversit√© religieuse au travail, et comment mieux l'appr√©hender.",Farah Maiza,francais,1h,2h30,Egalit√© des sexes,France,distance
72,72,Comment faire des stages de d√©couverte de coll√®ges/lyc√©es un axe d'int√©gration ?,"Comment les stages peuvent-ils devenir des opportunit√©s d'apprentissage et d'√©change, renfor√ßant ainsi les liens entre les jeunes et la soci√©t√© ?",Servane Chauvel,francais,1h,2h30,Origines ethniques et culturelles,Grand Est,presentiel
73,73,Diversit√© & inclusion : comment mesurer pour progresser ?,Quels sont les m√©thodes et les indicateurs cl√©s pour mesurer efficacement les efforts en mati√®re de diversit√© et d'inclusion dans les organisations ?,Antoine Benoist,francais,1h,2h30,Orientations sexuelles,Grand Est,presentiel
74,74,R√©insertion sociale et professionnelle des anciens d√©tenus : quels enjeux et strat√©gies pour relever le d√©fi ?,Comprendre les d√©fis et les approches essentielles pour la r√©insertion sociale et professionnelle des anciens d√©tenus contribue significativement √† garantir une r√©int√©gration r√©ussie dans la soci√©t√©.,Marie Delmont,francais,1h,2h30,Orientations sexuelles,Bretagne,presentiel
75,75,Sant√© mentale et travail : l‚Äôaccompagnement des employeurs par Clubhouse France ACADEMY.,"Expert de l‚Äôaccompagnement des personnes concern√©es par un trouble psychique dit s√©v√®re, c‚Äôest tout naturellement que l‚Äôassociation Clubhouse France s‚Äôappui sur cette expertise et propose un accompagnement complet des employeurs gr√¢ce √† la Clubhouse France ACADEMY. Les actions de pr√©vention, de retour au poste de travail et de maintien en emploi propos√©es permettent aux employeurs de mieux appr√©hender les enjeux li√©s √† la sant√© mentale de leurs collaborateurs. Au-del√† des actions de formation permettant l‚Äôacquisition des savoirs n√©cessaires, le parcours d‚Äôaccompagnement propos√© prend en compte chaque partie prenante. Il permet de replacer l‚Äôindividu dans un ensemble afin d‚Äôoptimiser le fonctionnement de la structure. Il s‚Äôagit de faire de la diff√©rence de chacun d‚Äôentre nous la force du collectif.",Sandrine Chacun,francais,1h,2h30,Egalit√© des sexes,France,distance
76,76,L'importance des origines culturelles,Cette conf√©rence explore l'importance des origines culturelles dans la formation de l'identit√© personnelle et collective. Nous discuterons des contributions des diverses cultures √† la soci√©t√© moderne et de la mani√®re dont elles influencent notre quotidien. L'objectif est de promouvoir la compr√©hension et le respect mutuel entre les diff√©rentes cultures. Nous aborderons √©galement les d√©fis li√©s √† la pr√©servation des traditions dans un monde globalis√©. La conf√©rence sera suivie d'un atelier o√π les participants partageront leurs propres exp√©riences culturelles √† travers des discussions interactives. Les activit√©s de groupe incluront des jeux culturels et des pr√©sentations de traditions uniques.,Jean Dupont,fran√ßais,1h,2h30,Origines ethniques et culturelles,√éle-de-France,presentiel
77,77,L'√©galit√© des sexes,"Cette conf√©rence aborde les enjeux de l'√©galit√© des sexes dans diff√©rents aspects de la vie, tels que le travail, l'√©ducation et la famille. Nous explorerons les in√©galit√©s persistantes et les moyens de les surmonter. Des √©tudes de cas r√©centes et des statistiques seront pr√©sent√©es pour illustrer les progr√®s r√©alis√©s et les d√©fis qui restent √† relever. L'intervenante proposera √©galement des strat√©gies pour promouvoir l'√©galit√© des sexes dans diverses institutions. La conf√©rence sera suivie d'un atelier o√π les participants travailleront en groupes pour d√©velopper des plans d'action visant √† am√©liorer l'√©galit√© des sexes dans leurs propres communaut√©s. Les activit√©s incluront des simulations de situations et des d√©bats guid√©s.",Clara Martin,fran√ßais,1h,2h30,Egalit√© des sexes,France,distance
78,78,La discrimination par l'√¢ge,"La conf√©rence se penche sur les diverses formes de discrimination par l'√¢ge, que ce soit contre les jeunes ou les personnes √¢g√©es. Nous examinerons les pr√©jug√©s courants et leurs impacts sur les opportunit√©s de travail et la participation sociale. Des exemples concrets et des t√©moignages seront utilis√©s pour illustrer les difficult√©s rencontr√©es par les diff√©rentes g√©n√©rations. Nous discuterons √©galement des politiques et pratiques qui peuvent aider √† r√©duire cette discrimination. Apr√®s la conf√©rence, un atelier interactif permettra aux participants de partager leurs propres exp√©riences et de discuter des mesures pratiques pour promouvoir l'inclusion interg√©n√©rationnelle. Les activit√©s comprendront des jeux de r√¥le et des discussions en petits groupes.",Marc Petit,fran√ßais,1h,2h30,Diversit√© des ages,Hauts-de-France,presentiel
79,79,Inclusion LGBTQ+,"Cette conf√©rence porte sur l'inclusion des personnes LGBTQ+ dans la soci√©t√© et le milieu professionnel. Nous aborderons les d√©fis sp√©cifiques rencontr√©s par la communaut√© LGBTQ+, ainsi que les avanc√©es l√©gislatives et sociales en faveur de l'√©galit√©. Des t√©moignages personnels et des √©tudes de cas illustreront les r√©alit√©s quotidiennes et les strat√©gies de r√©silience. L'intervenante proposera √©galement des moyens concrets pour soutenir l'inclusion dans diff√©rents contextes. Suite √† la conf√©rence, un atelier permettra aux participants de travailler sur des projets visant √† am√©liorer l'inclusion dans leurs propres environnements. Les activit√©s incluront des discussions de groupe et des exercices de sensibilisation.",Sophie Leroy,fran√ßais,1h,2h45,Orientations sexuelles,France,distance
80,80,Identit√© de genre en milieu scolaire,"Cette conf√©rence explore les d√©fis et les opportunit√©s li√©s √† l'identit√© de genre en milieu scolaire. Nous discuterons des exp√©riences des √©l√®ves et des enseignants, des politiques inclusives, et des ressources disponibles pour soutenir les personnes transgenres et non-binaires. L'objectif est de cr√©er des environnements scolaires o√π chacun se sent en s√©curit√© et respect√©. Des exemples de bonnes pratiques seront partag√©s pour inspirer les √©tablissements √† adopter des approches inclusives. La conf√©rence sera suivie d'un atelier o√π les participants d√©velopperont des strat√©gies pour promouvoir l'inclusivit√© dans leurs propres √©coles. Les activit√©s incluront des √©tudes de cas et des discussions sur des sc√©narios pratiques.",Julien Lefevre,fran√ßais,1h,2h30,Egalit√© des sexes,Grand Est,presentiel
81,81,Accessibilit√© et inclusion,"Cette conf√©rence se concentre sur les meilleures pratiques pour l'inclusion des personnes en situation de handicap. Nous explorerons les aspects l√©gislatifs, les adaptations n√©cessaires et les attitudes √† adopter pour cr√©er des environnements accessibles. Des exemples concrets et des t√©moignages d'experts seront pr√©sent√©s pour illustrer les d√©fis et les solutions. L'intervenante proposera √©galement des recommandations pour les employeurs, les √©ducateurs et les institutions publiques. Apr√®s la conf√©rence, un atelier interactif permettra aux participants d'√©laborer des plans d'action pour am√©liorer l'accessibilit√© dans leurs propres contextes. Les activit√©s incluront des exercices pratiques et des discussions en groupe.",Alice Moreau,fran√ßais,1h,2h45,Handicap,France,distance
82,82,Sant√© mentale au travail,"La conf√©rence aborde l'importance de la sant√© mentale au travail, en mettant l'accent sur les d√©fis courants et les strat√©gies de pr√©vention. Nous discuterons des signes de stress et de burnout, ainsi que des moyens de les g√©rer efficacement. Des √©tudes de cas et des t√©moignages personnels seront utilis√©s pour illustrer les impacts de la mauvaise sant√© mentale sur la performance et le bien-√™tre. L'intervenant proposera √©galement des conseils pratiques pour cr√©er un environnement de travail favorable √† la sant√© mentale. Suite √† la conf√©rence, un atelier permettra aux participants de d√©velopper des initiatives de bien-√™tre mental dans leurs propres organisations. Les activit√©s incluront des exercices de relaxation et des discussions sur des plans d'action personnalis√©s.",Pierre Dubois,fran√ßais,1h,2h30,Egalit√© des sexes,Bretagne,presentiel
83,83,Diversit√© des apparences physiques,"Cette conf√©rence traite de la diversit√© des apparences physiques et de la lutte contre les st√©r√©otypes. Nous explorerons comment les normes de beaut√© influencent les perceptions et les opportunit√©s des individus. Des exemples de discrimination bas√©e sur l'apparence physique seront pr√©sent√©s, ainsi que des strat√©gies pour promouvoir l'acceptation de la diversit√©. L'intervenante partagera des √©tudes et des t√©moignages pour illustrer l'impact des st√©r√©otypes sur la vie quotidienne. Apr√®s la conf√©rence, un atelier permettra aux participants de d√©velopper des campagnes de sensibilisation √† la diversit√© des apparences. Les activit√©s incluront des discussions en groupe et des exercices de cr√©ation de contenu.",Marie Blanc,fran√ßais,1h,2h30,Diversit√© des apparences physiques,France,distance
84,84,Les racines de la diversit√© culturelle,"Cette conf√©rence examine les racines de la diversit√© culturelle et son impact sur la soci√©t√© moderne. Nous aborderons les contributions des diff√©rentes cultures et comment elles fa√ßonnent notre identit√© collective. L'intervenante discutera des d√©fis li√©s √† la pr√©servation des traditions culturelles dans un monde en constante √©volution. Suite √† la conf√©rence, un atelier permettra aux participants de partager leurs propres exp√©riences culturelles √† travers des discussions interactives. Les activit√©s incluront des pr√©sentations culturelles et des √©changes d'id√©es.",Nathalie Simon,fran√ßais,1h,2h45,Origines ethniques et culturelles,√éle-de-France,presentiel
85,85,La parit√© hommes-femmes,"Cette conf√©rence traite de la parit√© hommes-femmes dans les domaines politique, √©conomique et social. Nous examinerons les progr√®s r√©alis√©s et les obstacles persistants √† l'√©galit√© des sexes. Des exemples concrets de politiques efficaces seront pr√©sent√©s, ainsi que des strat√©gies pour promouvoir la parit√©. L'intervenant proposera des recommandations pour les organisations souhaitant adopter des pratiques inclusives. Suite √† la conf√©rence, un atelier interactif permettra aux participants de travailler en groupes pour d√©velopper des initiatives de parit√© dans leurs propres contextes. Les activit√©s incluront des simulations de situations et des discussions de groupe.",Thomas Bernard,fran√ßais,1h,2h30,Egalit√© des sexes,France,distance
86,86,Les pr√©jug√©s li√©s √† l'√¢ge,"Cette conf√©rence aborde les pr√©jug√©s li√©s √† l'√¢ge et leurs impacts sur la vie professionnelle et sociale. Nous discuterons des st√©r√©otypes courants et de leurs cons√©quences sur les opportunit√©s et les relations interg√©n√©rationnelles. Des t√©moignages et des √©tudes de cas illustreront les d√©fis rencontr√©s par les personnes de diff√©rents √¢ges. Suite √† la conf√©rence, un atelier permettra aux participants de d√©velopper des strat√©gies pour combattre les pr√©jug√©s li√©s √† l'√¢ge dans leurs propres environnements. Les activit√©s incluront des jeux de r√¥le et des discussions en petits groupes.",Elise Girard,fran√ßais,1h,2h30,Diversit√© des ages,Hauts-de-France,presentiel
87,87,Soutenir les jeunes LGBTQ+,"Cette conf√©rence explore les moyens de soutenir les jeunes LGBTQ+ dans les environnements scolaires et communautaires. Nous discuterons des d√©fis sp√©cifiques auxquels font face ces jeunes et des ressources disponibles pour les aider. Des exemples de programmes r√©ussis et des t√©moignages personnels seront partag√©s. Suite √† la conf√©rence, un atelier permettra aux participants de cr√©er des plans d'action pour soutenir les jeunes LGBTQ+ dans leurs propres contextes. Les activit√©s incluront des discussions de groupe et des exercices de sensibilisation.",Laurent Rousseau,fran√ßais,1h,2h45,Orientations sexuelles,France,distance
88,88,Comprendre l'identit√© de genre,"Cette conf√©rence vise √† d√©mystifier l'identit√© de genre et √† promouvoir la compr√©hension et le respect. Nous aborderons les concepts cl√©s, les d√©fis rencontr√©s par les personnes transgenres et non-binaires, et les strat√©gies pour soutenir ces individus. Des √©tudes de cas et des t√©moignages personnels seront utilis√©s pour illustrer les r√©alit√©s de l'identit√© de genre. Suite √† la conf√©rence, un atelier permettra aux participants de d√©velopper des initiatives pour promouvoir l'inclusion des personnes de diverses identit√©s de genre dans leurs propres communaut√©s. Les activit√©s incluront des discussions de groupe et des exercices pratiques.",Julie Marchand,fran√ßais,1h,2h30,Egalit√© des sexes,Grand Est,presentiel
89,89,Innovations en accessibilit√©,"Cette conf√©rence pr√©sente les derni√®res innovations en mati√®re d'accessibilit√© et leur impact sur l'inclusion des personnes en situation de handicap. Nous discuterons des technologies et des pratiques qui facilitent l'acc√®s aux services, √† l'√©ducation et √† l'emploi. Des exemples concrets et des d√©monstrations seront partag√©s pour illustrer les avantages de ces innovations. Suite √† la conf√©rence, un atelier permettra aux participants de tester certaines de ces technologies et de discuter de leur application dans divers contextes. Les activit√©s incluront des d√©monstrations interactives et des discussions en groupe.",Mathieu Dubois,fran√ßais,1h,2h45,Handicap,France,distance
90,90,Bien-√™tre et productivit√©,"Cette conf√©rence explore le lien entre le bien-√™tre mental et la productivit√© au travail. Nous aborderons les facteurs qui influencent le bien-√™tre mental, les signes de stress et les strat√©gies de gestion. Des √©tudes de cas et des t√©moignages personnels illustreront les b√©n√©fices d'un environnement de travail sain. Suite √† la conf√©rence, un atelier permettra aux participants de d√©velopper des initiatives de bien-√™tre pour leurs propres organisations. Les activit√©s incluront des exercices de relaxation et des discussions sur des plans d'action personnalis√©s.",Claire Lefevre,fran√ßais,1h,2h30,Egalit√© des sexes,Bretagne,presentiel
91,91,Lutte contre les st√©r√©otypes physiques,"Cette conf√©rence examine les st√©r√©otypes li√©s √† l'apparence physique et leurs impacts sur la vie quotidienne et professionnelle. Nous discuterons des normes de beaut√©, de la discrimination bas√©e sur l'apparence et des moyens de promouvoir la diversit√©. Des √©tudes et des t√©moignages personnels seront pr√©sent√©s pour illustrer les d√©fis et les solutions. Suite √† la conf√©rence, un atelier permettra aux participants de d√©velopper des campagnes de sensibilisation √† la diversit√© des apparences physiques. Les activit√©s incluront des discussions en groupe et des exercices de cr√©ation de contenu.",Paul Fontaine,fran√ßais,1h,2h30,Diversit√© des apparences physiques,France,distance
92,92,Origines et identit√© personnelle,"Cette conf√©rence explore comment les origines culturelles influencent l'identit√© personnelle et les relations sociales. Nous discuterons des exp√©riences des personnes issues de cultures diverses et des d√©fis qu'elles rencontrent. Des t√©moignages et des √©tudes de cas illustreront les impacts positifs et n√©gatifs des origines culturelles sur l'identit√©. Suite √† la conf√©rence, un atelier permettra aux participants de partager leurs propres histoires et de discuter des moyens de c√©l√©brer la diversit√© culturelle. Les activit√©s incluront des pr√©sentations et des discussions interactives.",Sophie Lambert,fran√ßais,1h,2h45,Origines ethniques et culturelles,√éle-de-France,presentiel
93,93,Femmes dans les sciences,"Cette conf√©rence met en lumi√®re les d√©fis et les succ√®s des femmes dans les domaines scientifiques et technologiques. Nous discuterons des obstacles syst√©miques et des strat√©gies pour encourager davantage de femmes √† entrer et √† r√©ussir dans ces domaines. Des exemples de femmes inspirantes et des t√©moignages personnels seront partag√©s. Suite √† la conf√©rence, un atelier permettra aux participants de d√©velopper des initiatives pour soutenir les femmes dans les sciences dans leurs propres contextes. Les activit√©s incluront des discussions de groupe et des sessions de mentorat.",Julie Dubois,fran√ßais,1h,2h30,Egalit√© des sexes,France,distance
94,94,Vieillissement et emploi,"Cette conf√©rence aborde les d√©fis et les opportunit√©s li√©s au vieillissement de la population active. Nous discuterons des st√©r√©otypes sur les travailleurs √¢g√©s, des avantages de la diversit√© d'√¢ge dans le lieu de travail et des politiques favorisant l'inclusion des travailleurs √¢g√©s. Des √©tudes de cas et des t√©moignages personnels illustreront les impacts du vieillissement sur l'emploi. Suite √† la conf√©rence, un atelier permettra aux participants de d√©velopper des strat√©gies pour soutenir les travailleurs √¢g√©s dans leurs propres organisations. Les activit√©s incluront des discussions de groupe et des exercices pratiques.",Alice Thomas,fran√ßais,1h,2h30,Diversit√© des ages,Hauts-de-France,presentiel
95,95,Inclusion des familles LGBTQ+,"Cette conf√©rence explore les d√©fis et les opportunit√©s li√©s √† l'inclusion des familles LGBTQ+ dans la soci√©t√©. Nous discuterons des diff√©rentes configurations familiales, des obstacles l√©gaux et sociaux, et des strat√©gies pour promouvoir l'acceptation. Des t√©moignages personnels et des √©tudes de cas illustreront les r√©alit√©s v√©cues par les familles LGBTQ+. Suite √† la conf√©rence, un atelier permettra aux participants de d√©velopper des initiatives pour soutenir les familles LGBTQ+ dans leurs propres communaut√©s. Les activit√©s incluront des discussions de groupe et des exercices de sensibilisation.",Laurent Bernard,fran√ßais,1h,2h45,Orientations sexuelles,France,distance
96,96,Celebrating Cultural Heritage,This conference explores the importance of celebrating cultural heritage in modern society. We will discuss how various cultures contribute to the community and the challenges of preserving traditions in a globalized world. Participants will share their cultural experiences and participate in interactive activities. The follow-up workshop will include cultural presentations and group discussions.,Michael Brown,anglais,1h,2h45,Origines ethniques et culturelles,√éle-de-France,presentiel
97,97,Gender Equality in Education,"This conference focuses on gender equality in education, examining the challenges and opportunities for both boys and girls. We will discuss policies that promote equal opportunities and share best practices from around the world. The follow-up workshop will involve group activities to develop action plans for promoting gender equality in schools.",Anna Smith,anglais,1h,2h30,Egalit√© des sexes,France,distance
98,98,Aging and Workforce Diversity,This conference addresses the impact of aging on workforce diversity. We will explore the benefits of having an age-diverse team and the challenges older workers face. Participants will learn strategies to support older employees and promote inclusion. The workshop will include role-playing exercises and group discussions.,Emily Johnson,anglais,1h,2h30,Diversit√© des ages,Bourgogne-Franche-Comt√©,presentiel
99,99,LGBTQ+ Inclusion in Corporate Culture,This conference discusses the importance of LGBTQ+ inclusion in corporate culture. We will examine the benefits of diversity and strategies for creating an inclusive workplace. Participants will hear from experts and engage in discussions on best practices. The workshop will include group activities to develop inclusion initiatives.,John Davis,anglais,1h,2h45,Orientations sexuelles,France,distance
100,100,Gender Identity and Social Acceptance,This conference explores the challenges faced by individuals with diverse gender identities and the importance of social acceptance. We will discuss strategies for supporting these individuals in various settings. The follow-up workshop will include activities to promote understanding and inclusion.,Maria Garcia,anglais,1h,2h30,Egalit√© des sexes,√éle-de-France,presentiel
101,101,Technological Advances in Accessibility,This conference highlights the latest technological advances in accessibility and their impact on the inclusion of people with disabilities. Participants will see demonstrations of new technologies and discuss their applications. The workshop will include hands-on activities and group discussions.,Carlos Martinez,anglais,1h,2h45,Handicap,France,distance
102,102,Mental Health Awareness,This conference focuses on raising awareness about mental health issues and strategies for support. We will discuss common mental health challenges and ways to promote well-being. The follow-up workshop will include relaxation exercises and group discussions on mental health initiatives.,Sarah Wilson,anglais,1h,2h30,Egalit√© des sexes,Occitanie,presentiel
103,103,Challenging Physical Appearance Stereotypes,This conference addresses the stereotypes associated with physical appearance and their impact on individuals. We will discuss strategies to promote acceptance and diversity. Participants will engage in activities to develop awareness campaigns. The workshop will include group discussions and creative exercises.,David Clark,anglais,1h,2h30,Diversit√© des apparences physiques,France,distance
104,104,Cultural Diversity in the Workplace,This conference explores the benefits and challenges of cultural diversity in the workplace. We will discuss best practices for fostering an inclusive environment. The follow-up workshop will include group activities to develop diversity initiatives.,Jessica Lee,anglais,1h,2h45,Origines ethniques et culturelles,Hauts-de-France,presentiel
105,105,Women's Leadership in Business,This conference focuses on the challenges and opportunities for women in leadership positions. We will discuss strategies for overcoming barriers and promoting gender equality. The workshop will include mentoring sessions and group discussions on leadership development.,Robert Harris,anglais,1h,2h30,Egalit√© des sexes,France,distance
106,106,Intergenerational Collaboration,This conference explores the benefits of intergenerational collaboration in the workplace and community. We will discuss strategies to bridge generational gaps and promote mutual understanding. The workshop will include role-playing and group discussions.,Laura Young,anglais,1h,2h30,Diversit√© des ages,Bourgogne-Franche-Comt√©,presentiel
107,107,Supporting LGBTQ+ Youth,This conference focuses on supporting LGBTQ+ youth in schools and communities. We will discuss the challenges they face and resources available to help them. The workshop will include group activities to develop support plans for LGBTQ+ youth.,Richard King,anglais,1h,2h45,Orientations sexuelles,France,distance
108,108,Understanding Gender Identity,This conference aims to demystify gender identity and promote understanding and respect. We will discuss key concepts and challenges faced by transgender and non-binary individuals. The follow-up workshop will include activities to develop inclusion initiatives.,Elizabeth Wright,anglais,1h,2h30,Egalit√© des sexes,√éle-de-France,presentiel
109,109,Inclusive Education for Students with Disabilities,This conference discusses inclusive education practices for students with disabilities. We will share best practices and strategies for creating supportive learning environments. The workshop will include group activities to develop inclusive education plans.,Anthony Lopez,anglais,1h,2h45,Handicap,France,distance
110,110,Promoting Mental Health in Schools,This conference focuses on promoting mental health awareness in schools. We will discuss common issues and strategies for support. The follow-up workshop will include relaxation exercises and group discussions on mental health initiatives.,Patricia Hill,anglais,1h,2h30,Egalit√© des sexes,Occitanie,presentiel
111,111,Body Positivity and Media Influence,This conference explores the impact of media on body image and the importance of body positivity. We will discuss strategies to promote healthy body image and self-acceptance. The workshop will include group discussions and creative activities.,Daniel Scott,anglais,1h,2h30,Diversit√© des apparences physiques,France,distance
112,112,Immigrant Experiences and Contributions,This conference highlights the experiences and contributions of immigrants in society. We will discuss the challenges they face and strategies to support their integration. The follow-up workshop will include group discussions and activities to promote cultural understanding.,Angela Green,anglais,1h,2h45,Origines ethniques et culturelles,Hauts-de-France,presentiel
113,113,Gender Bias in the Media,This conference examines gender bias in the media and its impact on society. We will discuss ways to challenge and change biased representations. The workshop will include group activities to create media content that promotes gender equality.,Frank Baker,anglais,1h,2h30,Egalit√© des sexes,France,distance
114,114,Age-Friendly Communities,This conference focuses on creating age-friendly communities that support the needs of all generations. We will discuss best practices and share examples from around the world. The workshop will include group discussions and planning exercises.,Margaret Adams,anglais,1h,2h30,Diversit√© des ages,Bourgogne-Franche-Comt√©,presentiel
115,115,LGBTQ+ Rights and Advocacy,This conference discusses the history and current state of LGBTQ+ rights and advocacy efforts. We will explore successful campaigns and ongoing challenges. The workshop will include group activities to develop advocacy plans.,William White,anglais,1h,2h45,Orientations sexuelles,France,distance
116,116,Multicultural France,"Cette conf√©rence explore la diversit√© culturelle en France et ses impacts sur la soci√©t√©. Nous discuterons des d√©fis et des opportunit√©s li√©s √† la coexistence de multiples cultures. Suite √† la conf√©rence, un atelier permettra aux participants de partager leurs exp√©riences multiculturelles et de d√©velopper des initiatives pour promouvoir l'inclusion.",Pierre Dupont,fran√ßais,1h,2h45,Origines ethniques et culturelles,√éle-de-France,presentiel
117,117,Gender Roles in Modern Society,This conference examines the evolution of gender roles in modern society. We will discuss how traditional roles have changed and the impact on individuals and communities. The follow-up workshop will include group discussions and activities to challenge stereotypes and promote equality.,John Smith,anglais,1h,2h30,Egalit√© des sexes,France,distance
118,118,Intergenerational Learning,Cette conf√©rence explore les avantages de l'apprentissage interg√©n√©rationnel et comment il peut renforcer les liens communautaires. Nous discuterons de projets r√©ussis et des meilleures pratiques. L'atelier qui suit permettra aux participants de concevoir des initiatives d'apprentissage interg√©n√©rationnel.,Sophie Martin,fran√ßais,1h,2h30,Diversit√© des ages,Bourgogne-Franche-Comt√©,presentiel
119,119,LGBTQ+ Rights Around the World,"This conference provides an overview of LGBTQ+ rights globally, highlighting progress and ongoing challenges. We will discuss successful advocacy efforts and areas needing attention. The follow-up workshop will involve activities to develop international advocacy strategies.",Emily Johnson,anglais,1h,2h45,Orientations sexuelles,France,distance
120,120,Transgender Experiences in Society,Cette conf√©rence explore les exp√©riences des personnes transgenres dans divers contextes sociaux. Nous discuterons des d√©fis qu'elles rencontrent et des moyens de les soutenir. L'atelier qui suit inclura des activit√©s pour sensibiliser et promouvoir l'inclusion des personnes transgenres.,Lucie Petit,fran√ßais,1h,2h30,Egalit√© des sexes,√éle-de-France,presentiel
121,121,Workplace Accessibility,This conference focuses on improving workplace accessibility for employees with disabilities. We will discuss best practices and innovative solutions. The workshop will include hands-on activities and group discussions to implement accessibility initiatives.,Jessica Lee,anglais,1h,2h45,Handicap,France,distance
122,122,Mental Health in the Workplace,Cette conf√©rence aborde l'importance de la sant√© mentale au travail et les strat√©gies pour cr√©er un environnement de travail sain. Nous discuterons des signes de stress et des techniques de gestion. L'atelier inclura des exercices de relaxation et des discussions de groupe.,Anne Dubois,fran√ßais,1h,2h30,Egalit√© des sexes,Occitanie,presentiel
123,123,Body Image and Self-Esteem,This conference explores the relationship between body image and self-esteem. We will discuss the influence of media and societal standards on body image. The workshop will include group activities to promote body positivity and self-acceptance.,John Davis,anglais,1h,2h30,Diversit√© des apparences physiques,France,distance
124,124,Cultural Integration and Community,Cette conf√©rence examine comment les diff√©rentes cultures peuvent s'int√©grer et contribuer √† la communaut√©. Nous discuterons des meilleures pratiques pour favoriser l'inclusion culturelle. L'atelier qui suit permettra aux participants de d√©velopper des plans d'int√©gration culturelle.,Michael Brown,fran√ßais,1h,2h45,Origines ethniques et culturelles,Hauts-de-France,presentiel
125,125,Women in Leadership,This conference focuses on the challenges and successes of women in leadership roles. We will discuss strategies to overcome barriers and support women leaders. The follow-up workshop will include mentoring sessions and group discussions on leadership development.,Robert Harris,anglais,1h,2h30,Egalit√© des sexes,France,distance
126,126,Aging and Technology,Cette conf√©rence explore l'impact de la technologie sur la vie des personnes √¢g√©es. Nous discuterons des innovations qui peuvent am√©liorer la qualit√© de vie des seniors. L'atelier inclura des d√©monstrations technologiques et des discussions en groupe.,Claire Blanc,fran√ßais,1h,2h30,Diversit√© des ages,Bourgogne-Franche-Comt√©,presentiel
127,127,LGBTQ+ History and Culture,This conference provides an overview of LGBTQ+ history and cultural contributions. We will highlight key figures and events that have shaped the community. The workshop will include group activities to explore and celebrate LGBTQ+ culture.,Elizabeth Wright,anglais,1h,2h45,Orientations sexuelles,France,distance
128,128,Non-Binary Identities,Cette conf√©rence vise √† sensibiliser aux identit√©s non-binaires et √† promouvoir la compr√©hension. Nous discuterons des d√©fis sp√©cifiques et des moyens de soutenir les personnes non-binaires. L'atelier inclura des activit√©s de sensibilisation et des discussions en groupe.,Maria Garcia,fran√ßais,1h,2h30,Egalit√© des sexes,√éle-de-France,presentiel
129,129,Sports and Disability,This conference highlights the importance of sports and physical activities for people with disabilities. We will discuss adaptive sports and inclusive programs. The workshop will include practical demonstrations and group discussions.,Richard King,anglais,1h,2h45,Handicap,France,distance
130,130,Chronic Illness and Employment,Cette conf√©rence aborde les d√©fis des personnes atteintes de maladies chroniques dans le monde du travail. Nous discuterons des strat√©gies pour soutenir ces employ√©s et promouvoir un environnement inclusif. L'atelier inclura des discussions de groupe et des √©tudes de cas.,Anthony Lopez,fran√ßais,1h,2h30,Egalit√© des sexes,Occitanie,presentiel
131,131,Beauty Standards and Social Media,This conference examines the impact of social media on beauty standards and self-perception. We will discuss strategies to promote realistic and diverse representations. The workshop will include group activities to create positive social media content.,Margaret Adams,anglais,1h,2h30,Diversit√© des apparences physiques,France,distance
132,132,Refugee Experiences and Contributions,Cette conf√©rence met en lumi√®re les exp√©riences des r√©fugi√©s et leurs contributions √† la soci√©t√©. Nous discuterons des d√©fis qu'ils rencontrent et des moyens de les soutenir. L'atelier inclura des discussions en groupe et des activit√©s de sensibilisation.,Alice Thomas,fran√ßais,1h,2h45,Origines ethniques et culturelles,Hauts-de-France,presentiel
133,133,Gender Equity in STEM,"This conference focuses on gender equity in STEM (Science, Technology, Engineering, and Mathematics) fields. We will discuss challenges and strategies to support women and other underrepresented groups. The workshop will include group activities to develop equity initiatives.",Carlos Martinez,anglais,1h,2h30,Egalit√© des sexes,France,distance
134,134,Lifelong Learning,Cette conf√©rence explore l'importance de l'apprentissage tout au long de la vie et les opportunit√©s pour les adultes de continuer √† se former. Nous discuterons des meilleures pratiques et des programmes disponibles. L'atelier inclura des activit√©s de planification et des discussions en groupe.,Daniel Scott,fran√ßais,1h,2h30,Diversit√© des ages,Bourgogne-Franche-Comt√©,presentiel
135,135,Supporting LGBTQ+ Families,This conference discusses the unique challenges faced by LGBTQ+ families and the importance of support networks. We will explore strategies to create inclusive communities. The workshop will include group activities to develop support initiatives for LGBTQ+ families.,William White,anglais,1h,2h45,Orientations sexuelles,France,distance
